Date,close,y_true,proba_p1,pred_p1,proba_p2,pred_p2,proba_weighted,pred_weighted,proba_stacking,pred_stacking,ADX_14_lag1,pred_dyn_ADX,no_trade_zone
2025-09-02,162.32,0,0.16363636363636364,0,0.0,0,0.08215811453692122,0,0.0792500514126147,0,98.90021834058393,0,0
2025-09-03,162.13,0,0.16666666666666666,0,0.0,0,0.08367956110241977,0,0.0807162475918857,0,98.78231698471834,0,0
2025-09-04,161.79,0,0.16666666666666666,0,0.0,0,0.08367956110241977,0,0.0807162475918857,0,98.57952293334382,0,0
2025-09-05,151.14,0,0.3023255813953488,0,0.0,0,0.15179083176718003,0,0.17644200104108954,0,98.63662772062848,0,0
2025-09-08,151.41,0,0.1319722070881008,0,0.0,0,0.06626025820109956,0,0.06532736704774725,0,98.70518086836053,0,0
2025-09-09,155.82,0,0.125,0,0.0,0,0.06275967082681481,0,0.06258324153526419,0,98.79118182392672,0,0
2025-09-10,159.54,0,0.16363636363636364,0,0.0,0,0.08215811453692122,0,0.0792500514126147,0,98.87718277949288,0,0
2025-09-11,155.67,0,0.16363636363636364,0,0.0,0,0.08215811453692122,0,0.0792500514126147,0,98.96978013532394,0,0
2025-09-12,158.57,0,0.16363636363636364,0,0.0,0,0.08215811453692122,0,0.0792500514126147,0,99.062377491155,0,0
2025-09-15,161.16,0,0.3023255813953488,0,0.4,0,0.3509598851213726,0,0.20595918925603648,0,99.15775688920505,0,0
2025-09-16,160.46,0,0.3023255813953488,0,0.5372696113459758,1,0.41930953148656247,0,0.21689607129782726,1,99.25313628725507,0,0
2025-09-17,159.16,0,0.3023255813953488,0,0.521877017684926,1,0.41164521071621984,0,0.21564905821028907,1,99.33571267040949,0,0
2025-09-18,157.92,0,0.3023255813953488,0,0.4,0,0.3509598851213726,0,0.20595918925603648,0,99.45492586333617,0,0
2025-09-19,157.39,0,0.3023255813953488,0,0.5,1,0.40075214845992074,0,0.21388567588085858,1,99.5614032368943,0,0
2025-09-22,159.79,1,0.5,1,0.8,1,0.6493767900156445,1,0.5353207620538732,1,99.67930459275989,0,1
2025-09-23,160.9,1,0.5,1,0.8,1,0.6493767900156445,1,0.5353207620538732,1,99.79720594862549,0,1
2025-09-24,160.88,1,0.5,1,0.8,1,0.6493767900156445,1,0.5353207620538732,1,100.0,0,1
2025-09-25,161.27,0,0.4523809523809524,1,0.8,1,0.6254683439863816,1,0.4572059382940385,1,100.0,0,0
2025-09-26,159.46,1,0.5,1,0.8,1,0.6493767900156445,1,0.5353207620538732,1,100.0,0,1
2025-09-29,161.36,1,0.4523809523809524,1,0.6,1,0.5258838173092854,1,0.43359743466833633,1,100.0,0,0
2025-09-30,161.79,1,0.4523809523809524,1,0.5,1,0.47609155397073727,1,0.42189848099645283,1,100.0,0,0
2025-10-01,164.01,1,0.5,1,0.8,1,0.6493767900156445,1,0.5353207620538732,1,100.0,0,1
2025-10-02,169.73,1,0.8,1,0.8,1,0.8000000000000002,1,0.8922701475871703,1,100.0,1,0
2025-10-03,164.67,1,0.9512195121951219,1,1.0,1,0.9755084211407552,1,0.9609869718156709,1,100.0,1,0
2025-10-06,203.71,1,0.9512195121951219,1,1.0,1,0.9755084211407552,1,0.9609869718156709,1,100.0,1,0
2025-10-07,211.51,1,0.9880952380952381,1,1.0,1,0.9940228884926844,1,0.969127736829306,1,100.0,1,0
2025-10-08,235.56,1,0.9880952380952381,1,1.0,1,0.9940228884926844,1,0.969127736829306,1,98.88147566718996,1,0
2025-10-09,232.89,1,0.9880952380952381,1,1.0,1,0.9940228884926844,1,0.969127736829306,1,97.9585346206013,1,0
2025-10-10,214.9,1,0.9880952380952381,1,1.0,1,0.9940228884926844,1,0.969127736829306,1,97.06469739306485,1,0
2025-10-13,216.42,1,0.9512195121951219,1,1.0,1,0.9755084211407552,1,0.9609869718156709,1,96.14478953056687,1,0
2025-10-14,218.09,1,0.9880952380952381,1,1.0,1,0.9940228884926844,1,0.969127736829306,1,94.98723419448366,1,0
2025-10-15,238.6,1,0.9880952380952381,1,1.0,1,0.9940228884926844,1,0.969127736829306,1,93.81874955925025,1,0
2025-10-16,234.56,1,0.9880952380952381,1,1.0,1,0.9940228884926844,1,0.969127736829306,1,92.79943762677807,1,0
2025-10-17,233.08,1,0.9512195121951219,1,0.8,1,0.8759238944636589,1,0.9572408872986216,1,91.79345474237142,1,0
2025-10-20,240.56,1,0.9880952380952381,1,1.0,1,0.9940228884926844,1,0.969127736829306,1,90.76762229929419,1,0
2025-10-21,238.03,0,0.9880952380952381,1,1.0,1,0.9940228884926844,1,0.969127736829306,1,89.8067214396677,1,0
2025-10-22,230.23,1,0.9880952380952381,1,1.0,1,0.9940228884926844,1,0.969127736829306,1,88.83016133282196,1,0
2025-10-23,234.99,1,0.3023255813953488,0,0.4,0,0.3509598851213726,0,0.20595918925603648,0,87.79236037705547,0,0
2025-10-24,252.92,1,0.8,1,0.8,1,0.8000000000000002,1,0.8922701475871703,1,86.3268681203486,1,0
2025-10-27,259.67,1,0.9880952380952381,1,1.0,1,0.9940228884926844,1,0.969127736829306,1,84.10659741150378,1,0
2025-10-28,258.01,1,0.9880952380952381,1,1.0,1,0.9940228884926844,1,0.969127736829306,1,84.21213816749905,1,0
2025-10-29,264.33,1,0.9880952380952381,1,1.0,1,0.9940228884926844,1,0.969127736829306,1,83.91540051750553,1,0
2025-10-30,254.84,1,0.9880952380952381,1,1.0,1,0.9940228884926844,1,0.969127736829306,1,83.55499649080073,1,0
2025-10-31,256.12,1,0.9880952380952381,1,1.0,1,0.9940228884926844,1,0.969127736829306,1,83.22066309905746,1,0
2025-11-03,259.65,1,0.9512195121951219,1,1.0,1,0.9755084211407552,1,0.9609869718156709,1,83.25332182637308,1,0
2025-11-04,250.05,1,0.9512195121951219,1,0.8,1,0.8759238944636589,1,0.9572408872986216,1,83.17709174831846,1,0
2025-11-05,256.33,1,0.8,1,0.8,1,0.8000000000000002,1,0.8922701475871703,1,82.56481817823739,1,0
2025-11-06,237.7,0,0.9512195121951219,1,0.8,1,0.8759238944636589,1,0.9572408872986216,1,81.8664034566071,1,0
2025-11-07,233.54,0,0.4523809523809524,1,0.6666666666666666,1,0.559078659534984,1,0.4414389032125879,1,81.18783829364739,0,0
2025-11-10,243.98,0,0.3023255813953488,0,0.0,0,0.15179083176718003,0,0.17644200104108954,0,80.09335357235288,0,0
2025-11-11,237.52,0,0.3023255813953488,0,0.4,0,0.3509598851213726,0,0.20595918925603648,0,79.55611908148087,0,0
2025-11-12,258.89,0,0.3023255813953488,0,0.16327315998508868,0,0.23308823354812438,0,0.18806947447654593,0,79.08012543952962,0,0
2025-11-13,247.96,0,0.4523809523809524,1,0.7335048661281567,1,0.5923589118215934,1,0.449329974315796,1,80.17462117139381,0,0
2025-11-14,246.81,0,0.4523809523809524,1,0.6,1,0.5258838173092854,1,0.43359743466833633,1,81.87421302045944,0,0
2025-11-17,240.52,0,0.4523809523809524,1,0.6,1,0.5258838173092854,1,0.43359743466833633,1,82.26573655951461,0,0
2025-11-18,230.29,0,0.3023255813953488,0,0.0,0,0.15179083176718003,0,0.17644200104108954,0,81.96210654610972,0,0
2025-11-19,223.55,0,0.16363636363636364,0,0.0,0,0.08215811453692122,0,0.0792500514126147,0,81.57301791876078,0,0
2025-11-20,206.02,0,0.16363636363636364,0,0.0,0,0.08215811453692122,0,0.0792500514126147,0,81.18392929141187,0,0
2025-11-21,203.78,0,0.16363636363636364,0,0.0,0,0.08215811453692122,0,0.0792500514126147,0,81.11951570009548,0,0
2025-11-24,215.05,0,0.16363636363636364,0,0.0,0,0.08215811453692122,0,0.0792500514126147,0,81.38342017884194,0,0
2025-11-25,206.13,0,0.16363636363636364,0,0.0,0,0.08215811453692122,0,0.0792500514126147,0,82.24591781217728,0,0
2025-11-26,214.24,0,0.16363636363636364,0,0.0,0,0.08215811453692122,0,0.0792500514126147,0,83.18122754899632,0,0
2025-11-28,217.53,0,0.16363636363636364,0,0.0,0,0.08215811453692122,0,0.0792500514126147,0,84.26254406418984,0,0
2025-12-01,219.76,0,0.3023255813953488,0,0.4,0,0.3509598851213726,0,0.20595918925603648,0,85.72850511707759,0,0
2025-12-02,215.24,0,0.3023255813953488,0,0.4,0,0.3509598851213726,0,0.20595918925603648,0,86.49967217658768,0,0
2025-12-03,217.6,0,0.16363636363636364,0,0.0,0,0.08215811453692122,0,0.0792500514126147,0,87.35368478922224,0,0
2025-12-04,215.98,0,0.3023255813953488,0,0.4,0,0.3509598851213726,0,0.20595918925603648,0,86.7313514997744,0,0
2025-12-05,217.97,0,0.3023255813953488,0,0.07120247374445286,0,0.1872441549975786,0,0.1814417851502017,0,86.28847778309782,0,0
2025-12-08,221.11,1,0.5,1,0.8,1,0.6493767900156445,1,0.5353207620538732,1,86.07007901451179,0,1
2025-12-09,221.62,1,0.6666666666666666,1,0.8,1,0.7330563511180642,1,0.7751147276325002,1,87.59338772449885,1,0
2025-12-10,221.42,1,0.5,1,0.8,1,0.6493767900156445,1,0.5353207620538732,1,89.23671760608906,0,1
2025-12-11,221.43,0,0.6666666666666666,1,0.8,1,0.7330563511180642,1,0.7751147276325002,1,90.57072717835892,1,0
